{
  "n_episodes": 100,
  "mean_return": 16.66822624206543,
  "std_return": 1.9073486328125e-06,
  "min_return": 16.668224334716797,
  "max_return": 16.668224334716797,
  "mean_length": 13.0,
  "std_length": 0.0,
  "min_length": 13,
  "max_length": 13,
  "total_timesteps": 1300
}