{
  "n_episodes": 100,
  "mean_return": 17.397136609777807,
  "std_return": 2.000192864738548,
  "min_return": 13.271578876301646,
  "max_return": 20.70377424173057,
  "mean_length": 17.47,
  "std_length": 1.4453719244540486,
  "min_length": 14,
  "max_length": 20,
  "total_timesteps": 1747
}